date,location,dbl_time,dbl_time_lwr,dbl_time_upr,day_deaths
2020-04-10,Algeria,5.44,4.57,6.73,7
2020-04-11,Algeria,6.31,5.62,7.21,8
2020-04-12,Algeria,7.03,6.38,7.83,9
2020-04-13,Algeria,7.73,6.92,8.75,10
2020-04-14,Algeria,8.36,7.32,9.73,11
2020-04-15,Algeria,9.28,7.71,11.66,12
2020-04-16,Algeria,11.56,9.87,13.95,13
2020-04-17,Algeria,13.62,11.48,16.74,14
2020-04-18,Algeria,15.45,13.31,18.4,15
2020-04-19,Algeria,18.56,15.62,22.86,16
2020-04-20,Algeria,22.43,19.04,27.29,17
2020-04-21,Algeria,25.1,20.9,31.4,18
2020-04-22,Algeria,28.16,23.37,35.43,19
2020-04-23,Algeria,30.99,26.72,36.9,20
2020-04-24,Algeria,34.57,30.89,39.24,21
2020-04-25,Algeria,33.56,30.91,36.7,22
2020-04-26,Algeria,36.92,32.35,42.99,23
2020-04-27,Algeria,41.35,35.91,48.72,24
2020-04-28,Algeria,44.94,39.88,51.48,25
2020-04-29,Algeria,49.32,46.07,53.07,26
2020-04-30,Algeria,49.15,45.89,52.9,27
2020-05-01,Algeria,50.19,47.34,53.42,28
2020-04-21,Argentina,13.33,11.77,15.35,7
2020-04-22,Argentina,13,11.55,14.85,8
2020-04-23,Argentina,13.19,11.74,15.05,9
2020-04-24,Argentina,13.89,12.33,15.9,10
2020-04-25,Argentina,15.72,13.17,19.49,11
2020-04-26,Argentina,14.06,11.75,17.5,12
2020-04-27,Argentina,15.34,12.58,19.65,13
2020-04-28,Argentina,15.83,13.02,20.2,14
2020-04-29,Argentina,15.48,12.75,19.7,15
2020-04-30,Argentina,15.25,12.65,19.2,16
2020-05-01,Argentina,16.2,12.93,21.71,17
2020-04-06,Austria,6.94,5.89,8.45,7
2020-04-07,Austria,7.9,7.23,8.7,8
2020-04-08,Austria,8.14,7.64,8.7,9
2020-04-09,Austria,7.62,7.07,8.27,10
2020-04-10,Austria,7.38,7,7.79,11
2020-04-11,Austria,7.55,7.11,8.04,12
2020-04-12,Austria,7.94,7.17,8.91,13
2020-04-13,Austria,8.81,7.41,10.87,14
2020-04-14,Austria,10.35,8.54,13.12,15
2020-04-15,Austria,12.45,10.74,14.82,16
2020-04-16,Austria,14.71,12.57,17.73,17
2020-04-17,Austria,16.83,15.21,18.84,18
2020-04-18,Austria,17.32,15.96,18.95,19
2020-04-19,Austria,17.83,16.32,19.65,20
2020-04-20,Austria,19.51,17.38,22.22,21
2020-04-21,Austria,21.28,18.18,25.67,22
2020-04-22,Austria,24.94,19.03,36.19,23
2020-04-23,Austria,26.07,20.3,36.43,24
2020-04-24,Austria,26.4,20.65,36.59,25
2020-04-25,Austria,26.2,20.56,36.11,26
2020-04-26,Austria,23.86,19.22,31.43,27
2020-04-27,Austria,23.97,19.26,31.74,28
2020-04-28,Austria,25.87,19.78,37.38,29
2020-04-29,Austria,30.6,25.96,37.25,30
2020-04-30,Austria,30.86,26.18,37.6,31
2020-05-01,Austria,32.6,26.68,41.92,32
2020-04-27,Bangladesh,11.73,9.91,14.37,7
2020-04-28,Bangladesh,13.42,11.69,15.76,8
2020-04-29,Bangladesh,15.8,13.95,18.2,9
2020-04-30,Bangladesh,16.63,14.75,19.04,10
2020-05-01,Bangladesh,17.37,15.22,20.24,11
2020-03-31,Belgium,2.96,2.61,3.43,7
2020-04-01,Belgium,3.12,2.89,3.39,8
2020-04-02,Belgium,3.16,2.93,3.44,9
2020-04-03,Belgium,3.26,3.02,3.54,10
2020-04-04,Belgium,3.4,3.05,3.84,11
2020-04-05,Belgium,3.71,3.16,4.49,12
2020-04-06,Belgium,4.19,3.46,5.32,13
2020-04-07,Belgium,5.01,4.48,5.68,14
2020-04-08,Belgium,4.99,4.44,5.68,15
2020-04-09,Belgium,5.13,4.61,5.79,16
2020-04-10,Belgium,5.07,4.58,5.67,17
2020-04-11,Belgium,4.86,4.42,5.38,18
2020-04-12,Belgium,4.9,4.44,5.46,19
2020-04-13,Belgium,5.29,4.61,6.22,20
2020-04-14,Belgium,6.09,5.31,7.14,21
2020-04-15,Belgium,6.68,5.54,8.42,22
2020-04-16,Belgium,7.8,6.37,10.06,23
2020-04-17,Belgium,9.09,8.45,9.83,24
2020-04-18,Belgium,9.56,9.16,10.01,25
2020-04-19,Belgium,9.9,9.31,10.57,26
2020-04-20,Belgium,10.66,9.61,11.97,27
2020-04-21,Belgium,11.96,10,14.88,28
2020-04-22,Belgium,14.24,11.36,19.08,29
2020-04-23,Belgium,17.2,14.63,20.85,30
2020-04-24,Belgium,19.09,17.12,21.56,31
2020-04-25,Belgium,20.52,19.17,22.08,32
2020-04-26,Belgium,20.63,19.27,22.18,33
2020-04-27,Belgium,20.66,19.27,22.27,34
2020-04-28,Belgium,22.46,19.67,26.17,35
2020-04-29,Belgium,26.13,22.41,31.33,36
2020-04-30,Belgium,29.33,25.33,34.83,37
2020-05-01,Belgium,33.45,28.69,40.12,38
2020-04-04,Brazil,3.57,3.4,3.76,7
2020-04-05,Brazil,3.53,3.39,3.68,8
2020-04-06,Brazil,3.68,3.38,4.03,9
2020-04-07,Brazil,4.04,3.63,4.54,10
2020-04-08,Brazil,4.23,3.83,4.72,11
2020-04-09,Brazil,4.37,4.06,4.74,12
2020-04-10,Brazil,4.37,4.06,4.74,13
2020-04-11,Brazil,4.44,4.1,4.84,14
2020-04-12,Brazil,4.67,4.06,5.5,15
2020-04-13,Brazil,5.24,4.29,6.73,16
2020-04-14,Brazil,6.28,5.11,8.13,17
2020-04-15,Brazil,6.97,6.05,8.23,18
2020-04-16,Brazil,7.06,6.19,8.22,19
2020-04-17,Brazil,6.71,5.88,7.8,20
2020-04-18,Brazil,6.25,5.77,6.81,21
2020-04-19,Brazil,6.18,5.77,6.67,22
2020-04-20,Brazil,6.66,5.8,7.82,23
2020-04-21,Brazil,7.9,6.61,9.83,24
2020-04-22,Brazil,9.27,7.71,11.63,25
2020-04-23,Brazil,10.64,9.02,12.97,26
2020-04-24,Brazil,10.52,8.83,13.02,27
2020-04-25,Brazil,9.44,7.62,12.4,28
2020-04-26,Brazil,8.2,6.93,10.05,29
2020-04-27,Brazil,7.86,6.91,9.11,30
2020-04-28,Brazil,7.93,6.93,9.27,31
2020-04-29,Brazil,8.07,7.03,9.46,32
2020-04-30,Brazil,8.62,7.89,9.51,33
2020-05-01,Brazil,8.75,8.05,9.59,34
2020-04-08,Canada,3.32,2.9,3.88,7
2020-04-09,Canada,3.73,3.22,4.45,8
2020-04-10,Canada,4.24,3.91,4.63,9
2020-04-11,Canada,4.62,4.32,4.97,10
2020-04-12,Canada,4.89,4.66,5.15,11
2020-04-13,Canada,5.18,4.79,5.65,12
2020-04-14,Canada,5.7,5.14,6.39,13
2020-04-15,Canada,5.92,5.42,6.54,14
2020-04-16,Canada,6.15,5.75,6.6,15
2020-04-17,Canada,5.84,5.29,6.52,16
2020-04-18,Canada,5.77,5.23,6.43,17
2020-04-19,Canada,5.61,5.2,6.08,18
2020-04-20,Canada,5.8,5.2,6.55,19
2020-04-21,Canada,6.51,5.63,7.71,20
2020-04-22,Canada,7.26,6.19,8.77,21
2020-04-23,Canada,8.34,7.63,9.2,22
2020-04-24,Canada,8.72,8.12,9.42,23
2020-04-25,Canada,9.16,8.91,9.42,24
2020-04-26,Canada,9.2,8.92,9.5,25
2020-04-27,Canada,9.75,8.84,10.87,26
2020-04-28,Canada,10.63,9.44,12.15,27
2020-04-29,Canada,11.54,10.26,13.19,28
2020-04-30,Canada,12.7,11.67,13.93,29
2020-05-01,Canada,13.17,12.45,13.97,30
2020-04-23,Chile,10.57,9.23,12.37,7
2020-04-24,Chile,11.49,10.49,12.7,8
2020-04-25,Chile,12.31,11.11,13.8,9
2020-04-26,Chile,12.88,11.28,15.01,10
2020-04-27,Chile,13.65,11.66,16.47,11
2020-04-28,Chile,14.92,12.89,17.71,12
2020-04-29,Chile,16.39,15.69,17.16,13
2020-04-30,Chile,16.3,15.57,17.09,14
2020-05-01,Chile,15.62,15.18,16.09,15
2020-02-03,China,3.37,3.08,3.71,7
2020-02-04,China,3.61,3.28,4.01,8
2020-02-05,China,3.96,3.67,4.29,9
2020-02-06,China,4.27,4.03,4.54,10
2020-02-07,China,4.57,4.28,4.9,11
2020-02-08,China,4.83,4.49,5.24,12
2020-02-09,China,5.18,4.85,5.55,13
2020-02-10,China,5.51,5.26,5.78,14
2020-02-11,China,5.75,5.54,5.98,15
2020-02-12,China,6.05,5.76,6.37,16
2020-02-13,China,5.74,5.16,6.46,17
2020-02-14,China,6.09,5.28,7.19,18
2020-02-15,China,6.42,5.45,7.83,19
2020-02-16,China,6.83,5.69,8.53,20
2020-02-17,China,7.53,6.13,9.78,21
2020-02-18,China,8.6,6.85,11.57,22
2020-02-19,China,10.18,8.86,11.96,23
2020-02-20,China,9.94,8.84,11.36,24
2020-02-21,China,11.03,10.18,12.03,25
2020-02-22,China,11.96,11.32,12.68,26
2020-02-23,China,12.67,11.64,13.91,27
2020-02-24,China,13.11,12.09,14.32,28
2020-02-25,China,14.46,13.35,15.78,29
2020-02-26,China,16.25,14.04,19.3,30
2020-02-27,China,19.55,15.52,26.42,31
2020-02-28,China,24.36,18.18,36.88,32
2020-02-29,China,31.26,22.97,48.89,33
2020-03-01,China,42.57,37.3,49.59,34
2020-03-02,China,47.16,44.43,50.25,35
2020-03-03,China,49.7,46.68,53.15,36
2020-03-04,China,50.55,46.93,54.77,37
2020-03-05,China,54.29,50.42,58.8,38
2020-03-06,China,58.6,55.03,62.66,39
2020-03-07,China,62.19,57.57,67.62,40
2020-03-08,China,67.23,62.95,72.14,41
2020-03-09,China,72.03,66.26,78.91,42
2020-03-10,China,80.45,72.68,90.08,43
2020-03-11,China,88.03,79.16,99.14,44
2020-03-12,China,100.29,87.52,117.42,45
2020-03-13,China,120.03,99.33,151.63,46
2020-03-14,China,141.43,118.21,176.01,47
2020-03-15,China,165.51,139.59,203.26,48
2020-03-16,China,183.07,158.69,216.32,49
2020-03-17,China,203.85,189.62,220.39,50
2020-03-18,China,193.78,177.8,212.92,51
2020-03-19,China,191.4,177.29,207.94,52
2020-03-20,China,212.87,185.57,249.58,53
2020-03-21,China,235.85,193.51,301.9,54
2020-03-22,China,277.12,221.65,369.62,55
2020-03-23,China,307.74,249.57,401.26,56
2020-03-24,China,347.74,314.25,389.23,57
2020-03-25,China,354.22,317.95,399.83,58
2020-03-26,China,348.93,317.34,387.5,59
2020-03-27,China,365.6,325.45,417.06,60
2020-03-28,China,408.45,349.18,491.95,61
2020-03-29,China,465.99,420.94,521.84,62
2020-03-30,China,528.33,466.65,608.82,63
2020-03-31,China,581.82,496.35,702.86,64
2020-04-01,China,711.9,588.4,900.99,65
2020-04-02,China,737.43,621.59,906.32,66
2020-04-03,China,589.68,433.93,919.86,67
2020-04-04,China,514.92,383.68,782.61,68
2020-04-05,China,463.46,369.7,620.96,69
2020-04-06,China,467.19,370.09,633.36,70
2020-04-07,China,537.58,379.33,922.38,71
2020-04-08,China,750.98,491.77,1587.96,72
2020-04-09,China,1176.06,899.78,1697.22,73
2020-04-10,China,1471.19,1203.91,1891,74
2020-04-11,China,1472.28,1205.44,1890.85,75
2020-04-12,China,1507.05,1217.79,1976.53,76
2020-04-13,China,1409.23,1193.91,1719.33,77
2020-04-14,China,1662.8,1304.05,2293.85,78
2020-04-15,China,1965.86,1483.51,2913.01,79
2020-04-16,China,2495.75,1709.68,4619.87,80
2020-04-17,China,19.74,7.98,-41.52,81
2020-04-18,China,11.88,6.29,105.52,82
2020-04-19,China,9.91,5.96,29.41,83
2020-04-20,China,9.92,5.96,29.45,84
2020-04-21,China,11.9,6.3,108.69,85
2020-04-22,China,19.84,7.99,-40.98,86
2020-04-23,China,797087600150980.5,320872436954363.7,-1646446196184904,87
2020-04-24,China,797087600150980.5,320872436954363.7,-1646446196184904,88
2020-04-25,China,797087600150980.5,320872436954363.7,-1646446196184904,89
2020-04-26,China,797087600150980.5,320872436954363.7,-1646446196184904,90
2020-04-27,China,29995.25,12074.77,-61957.51,91
2020-04-28,China,17997.15,9519.91,164321.03,92
2020-04-29,China,14997.63,9014.51,44598.81,93
2020-04-30,China,14997.63,9014.51,44598.81,94
2020-05-01,China,17997.15,9519.91,164321.03,95
2020-04-18,Colombia,9.76,8.58,11.31,7
2020-04-19,Colombia,9.65,8.49,11.18,8
2020-04-20,Colombia,9.25,8.29,10.48,9
2020-04-21,Colombia,9.91,9.03,10.97,10
2020-04-22,Colombia,10.16,8.99,11.69,11
2020-04-23,Colombia,11.42,9.99,13.32,12
2020-04-24,Colombia,12.58,10.78,15.1,13
2020-04-25,Colombia,14.22,12.75,16.06,14
2020-04-26,Colombia,15.75,14.95,16.64,15
2020-04-27,Colombia,16.34,15.63,17.11,16
2020-04-28,Colombia,16.5,15.72,17.35,17
2020-04-29,Colombia,16.13,14.97,17.49,18
2020-04-30,Colombia,16.03,14.9,17.36,19
2020-05-01,Colombia,15.56,14.44,16.88,20
2020-04-16,Czech Republic,10.28,9.12,11.78,7
2020-04-17,Czech Republic,11.34,9.37,14.37,8
2020-04-18,Czech Republic,13.53,10.4,19.32,9
2020-04-19,Czech Republic,15.61,11.66,23.61,10
2020-04-20,Czech Republic,17.7,13.07,27.44,11
2020-04-21,Czech Republic,21.38,18.38,25.56,12
2020-04-22,Czech Republic,20.35,17.92,23.56,13
2020-04-23,Czech Republic,18.82,17.49,20.37,14
2020-04-24,Czech Republic,19.64,17.43,22.5,15
2020-04-25,Czech Republic,23.24,19.1,29.68,16
2020-04-26,Czech Republic,28.24,21.9,39.74,17
2020-04-27,Czech Republic,35.54,27.18,51.35,18
2020-04-28,Czech Republic,44.42,33.34,66.55,19
2020-04-29,Czech Republic,55.01,51.12,59.54,20
2020-04-30,Czech Republic,60.22,51.68,72.14,21
2020-05-01,Czech Republic,50.11,38.94,70.28,22
2020-04-08,Denmark,6.27,5.21,7.87,7
2020-04-09,Denmark,7.4,6.17,9.23,8
2020-04-10,Denmark,8.32,7.1,10.04,9
2020-04-11,Denmark,9.71,8.81,10.82,10
2020-04-12,Denmark,10.6,9.54,11.92,11
2020-04-13,Denmark,11.06,9.68,12.89,12
2020-04-14,Denmark,12.44,10.91,14.47,13
2020-04-15,Denmark,13.7,12.32,15.43,14
2020-04-16,Denmark,15.28,14.49,16.18,15
2020-04-17,Denmark,15.88,14.73,17.21,16
2020-04-18,Denmark,16.53,15.61,17.57,17
2020-04-19,Denmark,17.47,16.45,18.62,18
2020-04-20,Denmark,18.76,17.16,20.68,19
2020-04-21,Denmark,20.59,18.47,23.25,20
2020-04-22,Denmark,22.92,19.47,27.84,21
2020-04-23,Denmark,24.85,21.7,29.06,22
2020-04-24,Denmark,26.68,24.65,29.07,23
2020-04-25,Denmark,26.98,24.92,29.4,24
2020-04-26,Denmark,25.66,23.4,28.38,25
2020-04-27,Denmark,26.38,23.47,30.1,26
2020-04-28,Denmark,28.64,23.82,35.89,27
2020-04-29,Denmark,33.8,27.8,43.13,28
2020-04-30,Denmark,37.24,30.76,47.17,29
2020-05-01,Denmark,39.73,33.52,48.77,30
2020-04-15,Dominican Republic,7.16,5.6,9.92,7
2020-04-16,Dominican Republic,7.99,5.82,12.7,8
2020-04-17,Dominican Republic,9.45,6.33,18.62,9
2020-04-18,Dominican Republic,12.99,7.92,36.12,10
2020-04-19,Dominican Republic,19.55,16.02,25.06,11
2020-04-20,Dominican Republic,17.17,14.32,21.42,12
2020-04-21,Dominican Republic,16.04,13.7,19.35,13
2020-04-22,Dominican Republic,15.36,13.43,17.93,14
2020-04-23,Dominican Republic,14.56,12.92,16.67,15
2020-04-24,Dominican Republic,15.09,13.02,17.92,16
2020-04-25,Dominican Republic,18.63,15.43,23.52,17
2020-04-26,Dominican Republic,21.55,16.75,30.19,18
2020-04-27,Dominican Republic,25.98,19.38,39.38,19
2020-04-28,Dominican Republic,35.76,25.33,60.8,20
2020-04-29,Dominican Republic,45.98,38.65,56.74,21
2020-04-30,Dominican Republic,42.47,34.86,54.33,22
2020-05-01,Dominican Republic,36.66,30.15,46.77,23
2020-04-08,Ecuador,6.55,5.3,8.57,7
2020-04-09,Ecuador,6.38,5.23,8.18,8
2020-04-10,Ecuador,7,6.06,8.3,9
2020-04-11,Ecuador,7.19,6.25,8.44,10
2020-04-12,Ecuador,7,6.28,7.9,11
2020-04-13,Ecuador,7.49,6.37,9.1,12
2020-04-14,Ecuador,8.74,7.49,10.48,13
2020-04-15,Ecuador,10.8,8.48,14.88,14
2020-04-16,Ecuador,12.59,10.49,15.73,15
2020-04-17,Ecuador,13.9,11.9,16.71,16
2020-04-18,Ecuador,14.48,12.39,17.41,17
2020-04-19,Ecuador,13.76,11.58,16.94,18
2020-04-20,Ecuador,13.39,11.34,16.34,19
2020-04-21,Ecuador,12.18,10.95,13.73,20
2020-04-22,Ecuador,13.33,11.88,15.18,21
2020-04-23,Ecuador,13.97,11.98,16.74,22
2020-04-24,Ecuador,15.22,12.8,18.76,23
2020-04-25,Ecuador,17.78,15.57,20.71,24
2020-04-26,Ecuador,21.23,16.86,28.67,25
2020-04-27,Ecuador,29.52,21.49,47.12,26
2020-04-28,Ecuador,21.63,13.91,48.58,27
2020-04-29,Ecuador,10.85,6.1,49.26,28
2020-04-30,Ecuador,8.32,5.26,19.86,29
2020-05-01,Ecuador,7.45,5.1,13.75,30
2020-04-15,Egypt,7.88,6.43,10.17,7
2020-04-16,Egypt,9.77,7.93,12.74,8
2020-04-17,Egypt,11.53,10.09,13.44,9
2020-04-18,Egypt,12.55,11.16,14.33,10
2020-04-19,Egypt,12.36,10.86,14.33,11
2020-04-20,Egypt,11.4,10.14,13.01,12
2020-04-21,Egypt,11.51,10.22,13.16,13
2020-04-22,Egypt,11.16,10.21,12.29,14
2020-04-23,Egypt,12.86,10.44,16.74,15
2020-04-24,Egypt,14.7,11.41,20.66,16
2020-04-25,Egypt,16.76,13.87,21.16,17
2020-04-26,Egypt,17.33,14.55,21.43,18
2020-04-27,Egypt,18.92,15.19,25.09,19
2020-04-28,Egypt,17.02,13.36,23.42,20
2020-04-29,Egypt,14.22,11.73,18.05,21
2020-04-30,Egypt,13.37,11.03,16.96,22
2020-05-01,Egypt,13.42,11.06,17.07,23
2020-03-22,France,2.61,2.25,3.1,7
2020-03-23,France,2.59,2.25,3.05,8
2020-03-24,France,2.69,2.3,3.24,9
2020-03-25,France,2.94,2.6,3.39,10
2020-03-26,France,3.21,3.07,3.37,11
2020-03-27,France,3.13,3.01,3.26,12
2020-03-28,France,3.19,3.02,3.38,13
2020-03-29,France,3.34,3.04,3.7,14
2020-03-30,France,3.72,3.28,4.29,15
2020-03-31,France,4.14,3.66,4.77,16
2020-04-01,France,4.47,4,5.05,17
2020-04-02,France,4.85,4.68,5.03,18
2020-04-03,France,5.04,4.82,5.27,19
2020-04-04,France,4.33,3.55,5.54,20
2020-04-05,France,3.9,3.26,4.87,21
2020-04-06,France,3.92,3.26,4.9,22
2020-04-07,France,4.14,3.32,5.49,23
2020-04-08,France,4.41,3.44,6.13,24
2020-04-09,France,5.2,3.85,8,25
2020-04-10,France,6.79,6.1,7.65,26
2020-04-11,France,7.2,6.5,8.06,27
2020-04-12,France,7.56,6.55,8.94,28
2020-04-13,France,8.76,7.19,11.18,29
2020-04-14,France,10.79,8.83,13.85,30
2020-04-15,France,12.11,9.64,16.27,31
2020-04-16,France,13.37,11.61,15.75,32
2020-04-17,France,13.49,11.76,15.83,33
2020-04-18,France,13.14,11.61,15.14,34
2020-04-19,France,13.32,11.63,15.58,35
2020-04-20,France,14.67,11.94,19.01,36
2020-04-21,France,17.44,13.67,24.11,37
2020-04-22,France,22.17,19.27,26.1,38
2020-04-23,France,24.69,22.17,27.86,39
2020-04-24,France,26.85,25.56,28.29,40
2020-04-25,France,28.54,26.92,30.36,41
2020-04-26,France,29.98,27.12,33.52,42
2020-04-27,France,34.04,29.35,40.53,43
2020-04-28,France,37.94,33.02,44.59,44
2020-04-29,France,41.82,37.93,46.6,45
2020-04-30,France,43.66,41.19,46.45,46
2020-05-01,France,44.59,41.88,47.68,47
2020-03-30,Germany,3.1,2.82,3.43,7
2020-03-31,Germany,3.14,2.85,3.49,8
2020-04-01,Germany,3.27,3.05,3.53,9
2020-04-02,Germany,3.38,3.18,3.61,10
2020-04-03,Germany,3.52,3.28,3.81,11
2020-04-04,Germany,3.67,3.3,4.14,12
2020-04-05,Germany,3.92,3.43,4.58,13
2020-04-06,Germany,4.63,3.98,5.52,14
2020-04-07,Germany,5.34,4.7,6.2,15
2020-04-08,Germany,5.7,5.17,6.36,16
2020-04-09,Germany,5.86,5.39,6.41,17
2020-04-10,Germany,5.85,5.39,6.41,18
2020-04-11,Germany,6.07,5.49,6.79,19
2020-04-12,Germany,6.41,5.46,7.74,20
2020-04-13,Germany,7.53,6.01,10.09,21
2020-04-14,Germany,9.29,7.44,12.36,22
2020-04-15,Germany,10.5,8.98,12.66,23
2020-04-16,Germany,10.65,9.22,12.61,24
2020-04-17,Germany,9.77,8.42,11.65,25
2020-04-18,Germany,9.15,8.25,10.27,26
2020-04-19,Germany,9.21,8.24,10.45,27
2020-04-20,Germany,10.33,8.47,13.24,28
2020-04-21,Germany,12.42,9.98,16.45,29
2020-04-22,Germany,14.35,12.21,17.4,30
2020-04-23,Germany,15.68,14.18,17.54,31
2020-04-24,Germany,15.92,14.48,17.69,32
2020-04-25,Germany,15.87,14.46,17.58,33
2020-04-26,Germany,16.35,14.42,18.87,34
2020-04-27,Germany,18.71,15.59,23.39,35
2020-04-28,Germany,22.13,18.9,26.68,36
2020-04-29,Germany,24.16,21.46,27.63,37
2020-04-30,Germany,25.53,23.74,27.61,38
2020-05-01,Germany,28.51,24.25,34.59,39
2020-04-21,Greece,34.26,22.96,67.53,7
2020-04-22,Greece,25.6,17.85,45.25,8
2020-04-23,Greece,24,17.37,38.78,9
2020-04-24,Greece,21.52,17.04,29.18,10
2020-04-25,Greece,20.68,16.71,27.12,11
2020-04-26,Greece,25.48,19.8,35.74,12
2020-04-27,Greece,34.84,25.39,55.49,13
2020-04-28,Greece,36.39,26.72,57.03,14
2020-04-29,Greece,37.38,27.04,60.52,15
2020-04-30,Greece,42.76,31.3,67.49,16
2020-05-01,Greece,48.36,34.88,78.83,17
2020-04-19,Hungary,7.79,7.27,8.4,7
2020-04-20,Hungary,8.27,7.65,9,8
2020-04-21,Hungary,8.6,7.8,9.58,9
2020-04-22,Hungary,9.03,7.92,10.5,10
2020-04-23,Hungary,11.06,8.78,14.92,11
2020-04-24,Hungary,12.18,10.03,15.49,12
2020-04-25,Hungary,13.02,10.97,16.01,13
2020-04-26,Hungary,13.32,11.16,16.51,14
2020-04-27,Hungary,14.35,11.75,18.45,15
2020-04-28,Hungary,15.01,12.04,19.92,16
2020-04-29,Hungary,15.74,12.29,21.87,17
2020-04-30,Hungary,19.35,18.16,20.7,18
2020-05-01,Hungary,19.98,19.31,20.7,19
2020-04-12,India,4.29,3.8,4.93,7
2020-04-13,India,4.26,3.8,4.85,8
2020-04-14,India,4.83,4.34,5.45,9
2020-04-15,India,5.13,4.46,6.05,10
2020-04-16,India,5.84,5.14,6.75,11
2020-04-17,India,6.82,6.07,7.78,12
2020-04-18,India,7.49,6.76,8.38,13
2020-04-19,India,8.3,7.46,9.36,14
2020-04-20,India,9.01,8.1,10.16,15
2020-04-21,India,9.54,8.91,10.26,16
2020-04-22,India,9.56,8.94,10.27,17
2020-04-23,India,9.43,8.89,10.04,18
2020-04-24,India,9.89,9.2,10.69,19
2020-04-25,India,9.83,9.17,10.58,20
2020-04-26,India,10.15,9.45,10.97,21
2020-04-27,India,10.74,10.17,11.38,22
2020-04-28,India,10.99,10.57,11.44,23
2020-04-29,India,10.68,10.19,11.22,24
2020-04-30,India,10.45,10.03,10.91,25
2020-05-01,India,10.49,10.08,10.94,26
2020-04-04,Indonesia,7,6.31,7.86,7
2020-04-05,Indonesia,7.58,6.5,9.08,8
2020-04-06,Indonesia,8.53,6.8,11.46,9
2020-04-07,Indonesia,10.38,8.19,14.18,10
2020-04-08,Indonesia,12.7,11.37,14.37,11
2020-04-09,Indonesia,12.74,11.45,14.35,12
2020-04-10,Indonesia,10.35,7.99,14.67,13
2020-04-11,Indonesia,8.64,6.85,11.7,14
2020-04-12,Indonesia,7.75,6.6,9.39,15
2020-04-13,Indonesia,7.02,6.24,8.03,16
2020-04-14,Indonesia,6.91,6.22,7.77,17
2020-04-15,Indonesia,6.81,6.1,7.69,18
2020-04-16,Indonesia,7.59,6.66,8.82,19
2020-04-17,Indonesia,8.16,6.84,10.12,20
2020-04-18,Indonesia,9.14,7.27,12.31,21
2020-04-19,Indonesia,11.49,8.96,16.01,22
2020-04-20,Indonesia,12.58,9.97,17.06,23
2020-04-21,Indonesia,15.4,13.24,18.39,24
2020-04-22,Indonesia,15.19,13.18,17.92,25
2020-04-23,Indonesia,16.48,14.03,19.95,26
2020-04-24,Indonesia,18.4,14.94,23.92,27
2020-04-25,Indonesia,18.59,15.12,24.11,28
2020-04-26,Indonesia,19.45,16.32,24.08,29
2020-04-27,Indonesia,17.88,15.74,20.69,30
2020-04-28,Indonesia,18.12,15.86,21.13,31
2020-04-29,Indonesia,19.4,15.94,24.76,32
2020-04-30,Indonesia,22.39,16.91,33.13,33
2020-05-01,Indonesia,30.91,23.44,45.39,34
2020-03-12,Iran,3.35,3.08,3.68,7
2020-03-13,Iran,3.28,3.07,3.52,8
2020-03-14,Iran,3.35,3.1,3.65,9
2020-03-15,Iran,3.61,3.49,3.74,10
2020-03-16,Iran,3.73,3.58,3.88,11
2020-03-17,Iran,3.87,3.73,4.03,12
2020-03-18,Iran,4.05,3.87,4.23,13
2020-03-19,Iran,4.26,4.05,4.49,14
2020-03-20,Iran,4.52,4.23,4.85,15
2020-03-21,Iran,4.87,4.48,5.33,16
2020-03-22,Iran,5.4,4.84,6.11,17
2020-03-23,Iran,6.1,5.37,7.05,18
2020-03-24,Iran,6.93,6.05,8.1,19
2020-03-25,Iran,7.92,6.99,9.15,20
2020-03-26,Iran,8.84,8.07,9.77,21
2020-03-27,Iran,9.48,9.1,9.89,22
2020-03-28,Iran,9.84,9.53,10.16,23
2020-03-29,Iran,10.26,9.86,10.69,24
2020-03-30,Iran,10.83,10.08,11.71,25
2020-03-31,Iran,11.67,10.5,13.14,26
2020-04-01,Iran,12.73,11.52,14.22,27
2020-04-02,Iran,13.8,12.92,14.8,28
2020-04-03,Iran,14.69,14.03,15.41,29
2020-04-04,Iran,17.05,14.28,21.14,30
2020-04-05,Iran,16.67,13.86,20.93,31
2020-04-06,Iran,16.27,13.48,20.52,32
2020-04-07,Iran,16.24,13.45,20.48,33
2020-04-08,Iran,16.21,13.44,20.42,34
2020-04-09,Iran,16.33,13.48,20.72,35
2020-04-10,Iran,16.85,13.62,22.1,36
2020-04-11,Iran,20.64,19.03,22.55,37
2020-04-12,Iran,22.12,20.91,23.48,38
2020-04-13,Iran,23.31,22.36,24.35,39
2020-04-14,Iran,24.48,23.57,25.46,40
2020-04-15,Iran,25.79,24.27,27.51,41
2020-04-16,Iran,27.54,25.36,30.13,42
2020-04-17,Iran,29.84,27.31,32.89,43
2020-04-18,Iran,32.46,30.03,35.32,44
2020-04-19,Iran,35.46,32.79,38.6,45
2020-04-20,Iran,38.02,35.69,40.67,46
2020-04-21,Iran,39.61,37.79,41.62,47
2020-04-22,Iran,40.71,39.46,42.04,48
2020-04-23,Iran,41.07,40.1,42.08,49
2020-04-24,Iran,40.99,40.02,42.01,50
2020-04-25,Iran,40.53,40.15,40.91,51
2020-04-26,Iran,41.62,40.13,43.23,52
2020-04-27,Iran,44.32,40.87,48.41,53
2020-04-28,Iran,46.14,42.7,50.2,54
2020-04-29,Iran,48.73,45.52,52.43,55
2020-04-30,Iran,50.68,48.07,53.59,56
2020-05-01,Iran,52.52,50.23,55.02,57
2020-04-10,Ireland,5.22,4.88,5.61,7
2020-04-11,Ireland,5.49,4.97,6.12,8
2020-04-12,Ireland,5.81,5.19,6.59,9
2020-04-13,Ireland,6.47,5.45,7.97,10
2020-04-14,Ireland,7.59,6.74,8.68,11
2020-04-15,Ireland,7.93,7.19,8.84,12
2020-04-16,Ireland,8.1,7.42,8.91,13
2020-04-17,Ireland,7.99,7.3,8.81,14
2020-04-18,Ireland,7.89,7.22,8.7,15
2020-04-19,Ireland,7.66,7.29,8.06,16
2020-04-20,Ireland,8.09,7.49,8.79,17
2020-04-21,Ireland,8.17,7.64,8.78,18
2020-04-22,Ireland,8.35,7.79,8.99,19
2020-04-23,Ireland,8.81,8.01,9.8,20
2020-04-24,Ireland,9.76,8.3,11.86,21
2020-04-25,Ireland,11.04,8.92,14.47,22
2020-04-26,Ireland,9.13,6.55,15.07,23
2020-04-27,Ireland,8.81,6.34,14.4,24
2020-04-28,Ireland,8.74,6.33,14.15,25
2020-04-29,Ireland,9,6.39,15.19,26
2020-04-30,Ireland,10.11,6.7,20.61,27
2020-05-01,Ireland,13.13,8.02,36.26,28
2020-04-18,Israel,9.89,8.73,11.4,7
2020-04-19,Israel,9.39,8.5,10.49,8
2020-04-20,Israel,10.18,9.48,10.99,9
2020-04-21,Israel,10.81,9.44,12.63,10
2020-04-22,Israel,12.03,9.96,15.19,11
2020-04-23,Israel,14.26,11.84,17.93,12
2020-04-24,Israel,17.51,13.91,23.63,13
2020-04-25,Israel,23.95,18.82,32.91,14
2020-04-26,Israel,29.03,22.62,40.51,15
2020-04-27,Israel,37.05,26.73,60.35,16
2020-04-28,Israel,49.43,37.23,73.5,17
2020-04-29,Israel,52.12,40.76,72.24,18
2020-04-30,Israel,40.59,30.62,60.18,19
2020-05-01,Israel,32.17,24.94,45.29,20
2020-03-11,Italy,2.36,2.16,2.6,7
2020-03-12,Italy,2.37,2.17,2.61,8
2020-03-13,Italy,2.43,2.19,2.72,9
2020-03-14,Italy,2.52,2.22,2.91,10
2020-03-15,Italy,2.94,2.62,3.35,11
2020-03-16,Italy,3.15,2.79,3.62,12
2020-03-17,Italy,3.46,3.18,3.81,13
2020-03-18,Italy,3.74,3.5,4.02,14
2020-03-19,Italy,3.89,3.65,4.16,15
2020-03-20,Italy,4.09,3.81,4.42,16
2020-03-21,Italy,4.15,3.85,4.51,17
2020-03-22,Italy,4.31,4.17,4.47,18
2020-03-23,Italy,4.4,4.23,4.59,19
2020-03-24,Italy,4.59,4.25,5,20
2020-03-25,Italy,4.91,4.44,5.5,21
2020-03-26,Italy,5.32,4.67,6.17,22
2020-03-27,Italy,6.03,5.32,6.96,23
2020-03-28,Italy,6.64,6.26,7.06,24
2020-03-29,Italy,6.91,6.64,7.21,25
2020-03-30,Italy,7.22,6.82,7.68,26
2020-03-31,Italy,7.7,7.17,8.31,27
2020-04-01,Italy,8.15,7.44,9.03,28
2020-04-02,Italy,8.85,7.88,10.1,29
2020-04-03,Italy,9.96,9.11,10.98,30
2020-04-04,Italy,10.89,10.1,11.81,31
2020-04-05,Italy,11.78,10.81,12.93,32
2020-04-06,Italy,13.12,11.8,14.77,33
2020-04-07,Italy,14.59,13.13,16.41,34
2020-04-08,Italy,15.99,14.37,18.01,35
2020-04-09,Italy,17.68,16.12,19.58,36
2020-04-10,Italy,19.16,18.13,20.32,37
2020-04-11,Italy,20.19,19.39,21.06,38
2020-04-12,Italy,20.69,19.82,21.63,39
2020-04-13,Italy,22.09,20.81,23.54,40
2020-04-14,Italy,23.25,21.8,24.91,41
2020-04-15,Italy,24.02,22.6,25.64,42
2020-04-16,Italy,24.9,23.85,26.06,43
2020-04-17,Italy,25.68,24.68,26.76,44
2020-04-18,Italy,26.26,25.33,27.27,45
2020-04-19,Italy,26.73,25.31,28.32,46
2020-04-20,Italy,28.55,26.43,31.05,47
2020-04-21,Italy,30.84,28.47,33.65,48
2020-04-22,Italy,32.52,30.54,34.78,49
2020-04-23,Italy,34.15,32.38,36.13,50
2020-04-24,Italy,35.72,34.76,36.74,51
2020-04-25,Italy,36.77,35.33,38.32,52
2020-04-26,Italy,37.98,35.88,40.33,53
2020-04-27,Italy,41.29,37.27,46.27,54
2020-04-28,Italy,45.82,41.13,51.7,55
2020-04-29,Italy,49.16,44.52,54.9,56
2020-04-30,Italy,52.87,49.23,57.1,57
2020-05-01,Italy,56.27,53.18,59.75,58
2020-04-19,Japan,8.52,7.14,10.55,7
2020-04-20,Japan,9.33,7.52,12.29,8
2020-04-21,Japan,10.31,8.46,13.2,9
2020-04-22,Japan,12.93,10.95,15.78,10
2020-04-23,Japan,7.74,4.68,22.35,11
2020-04-24,Japan,5.7,3.8,11.4,12
2020-04-25,Japan,5.03,3.62,8.25,13
2020-04-26,Japan,5.06,3.62,8.38,14
2020-04-27,Japan,5.86,3.79,12.94,15
2020-04-28,Japan,7.44,4.32,26.75,16
2020-04-29,Japan,14.89,11.89,19.93,17
2020-04-30,Japan,16.3,13.95,19.61,18
2020-05-01,Japan,15.82,13.53,19.04,19
2020-04-13,Mexico,4.62,4.2,5.14,7
2020-04-14,Mexico,4.88,4.3,5.65,8
2020-04-15,Mexico,5.03,4.52,5.67,9
2020-04-16,Mexico,5.08,4.55,5.73,10
2020-04-17,Mexico,5.52,4.91,6.3,11
2020-04-18,Mexico,5.75,5.07,6.64,12
2020-04-19,Mexico,5.49,4.86,6.31,13
2020-04-20,Mexico,5.86,5.09,6.89,14
2020-04-21,Mexico,6.87,5.81,8.42,15
2020-04-22,Mexico,6.62,5.58,8.15,16
2020-04-23,Mexico,6.33,5.33,7.79,17
2020-04-24,Mexico,6.39,5.38,7.86,18
2020-04-25,Mexico,6.29,5.28,7.76,19
2020-04-26,Mexico,6.01,5.27,6.99,20
2020-04-27,Mexico,6.49,5.29,8.37,21
2020-04-28,Mexico,8.07,6.57,10.43,22
2020-04-29,Mexico,9.11,7.56,11.44,23
2020-04-30,Mexico,9.5,8.05,11.59,24
2020-05-01,Mexico,9.82,8.46,11.69,25
2020-04-17,Morocco,21.12,15.09,35.15,7
2020-04-18,Morocco,24.6,17.36,42.24,8
2020-04-19,Morocco,31.45,23.37,48.06,9
2020-04-20,Morocco,34.29,26.35,49.1,10
2020-04-21,Morocco,30.26,26.23,35.77,11
2020-04-22,Morocco,30.72,26.24,37.04,12
2020-04-23,Morocco,32.62,28.1,38.86,13
2020-04-24,Morocco,31.8,26.76,39.18,14
2020-04-25,Morocco,29.48,25.19,35.54,15
2020-04-26,Morocco,30.97,25.7,38.96,16
2020-04-27,Morocco,32.42,25.92,43.28,17
2020-04-28,Morocco,37.83,27.68,59.76,18
2020-04-29,Morocco,46.98,34.73,72.58,19
2020-04-30,Morocco,55.93,47.53,67.93,20
2020-05-01,Morocco,54.78,46.38,66.9,21
2020-03-27,Netherlands,2.95,2.81,3.1,7
2020-03-28,Netherlands,3.01,2.87,3.16,8
2020-03-29,Netherlands,3.15,2.95,3.39,9
2020-03-30,Netherlands,3.25,2.98,3.58,10
2020-03-31,Netherlands,3.62,3.24,4.1,11
2020-04-01,Netherlands,3.93,3.59,4.34,12
2020-04-02,Netherlands,4.25,3.87,4.71,13
2020-04-03,Netherlands,4.62,4.31,4.96,14
2020-04-04,Netherlands,4.92,4.51,5.42,15
2020-04-05,Netherlands,5.36,4.89,5.92,16
2020-04-06,Netherlands,5.87,5.1,6.9,17
2020-04-07,Netherlands,6.97,6.01,8.29,18
2020-04-08,Netherlands,7.51,6.59,8.72,19
2020-04-09,Netherlands,8.19,7.44,9.12,20
2020-04-10,Netherlands,8.73,7.97,9.66,21
2020-04-11,Netherlands,9.45,8.41,10.78,22
2020-04-12,Netherlands,10.04,8.63,11.99,23
2020-04-13,Netherlands,11.3,9.27,14.47,24
2020-04-14,Netherlands,14.09,12.19,16.67,25
2020-04-15,Netherlands,15.85,14.02,18.23,26
2020-04-16,Netherlands,16.31,14.8,18.15,27
2020-04-17,Netherlands,15.56,13.76,17.9,28
2020-04-18,Netherlands,14.99,13.28,17.21,29
2020-04-19,Netherlands,14.4,13.16,15.9,30
2020-04-20,Netherlands,14.94,13.09,17.38,31
2020-04-21,Netherlands,17.15,13.93,22.29,32
2020-04-22,Netherlands,19.84,16.69,24.44,33
2020-04-23,Netherlands,21.74,19.31,24.87,34
2020-04-24,Netherlands,22.47,20.23,25.26,35
2020-04-25,Netherlands,22.74,20.46,25.6,36
2020-04-26,Netherlands,22.27,20.38,24.55,37
2020-04-27,Netherlands,23.58,20.49,27.77,38
2020-04-28,Netherlands,28.51,23.79,35.58,39
2020-04-29,Netherlands,34.89,27.87,46.65,40
2020-04-30,Netherlands,38.02,31.41,48.13,41
2020-05-01,Netherlands,39.84,33.58,48.96,42
2020-04-19,Norway,12.86,9.52,19.81,7
2020-04-20,Norway,15.48,12.07,21.61,8
2020-04-21,Norway,19.38,15.2,26.73,9
2020-04-22,Norway,18.46,14.7,24.79,10
2020-04-23,Norway,18.42,14.68,24.72,11
2020-04-24,Norway,16.69,13.49,21.87,12
2020-04-25,Norway,16.59,13.37,21.85,13
2020-04-26,Norway,16.08,13.24,20.47,14
2020-04-27,Norway,17.06,13.12,24.38,15
2020-04-28,Norway,23.05,15.26,47.03,16
2020-04-29,Norway,33.51,19.34,125.3,17
2020-04-30,Norway,50.1,30.37,142.97,18
2020-05-01,Norway,64.91,42.02,142.61,19
2020-04-21,Pakistan,7.41,6.69,8.31,7
2020-04-22,Pakistan,7.83,7.31,8.43,8
2020-04-23,Pakistan,8.59,7.19,10.67,9
2020-04-24,Pakistan,8.69,7.26,10.82,10
2020-04-25,Pakistan,9.36,7.93,11.41,11
2020-04-26,Pakistan,9.95,8.51,11.98,12
2020-04-27,Pakistan,10.56,8.91,12.96,13
2020-04-28,Pakistan,10.7,9,13.21,14
2020-04-29,Pakistan,10.08,8.69,11.99,15
2020-04-30,Pakistan,11.02,10.23,11.95,16
2020-05-01,Pakistan,10.14,8.98,11.63,17
2020-04-22,Panama,13.23,12.12,14.56,7
2020-04-23,Panama,14.37,12.53,16.84,8
2020-04-24,Panama,16.63,13.34,22.08,9
2020-04-25,Panama,17.64,13.98,23.9,10
2020-04-26,Panama,19.78,15.93,26.09,11
2020-04-27,Panama,21.87,18.84,26.08,12
2020-04-28,Panama,22.43,19.04,27.28,13
2020-04-29,Panama,20.65,17.92,24.37,14
2020-04-30,Panama,21.31,18.08,25.95,15
2020-05-01,Panama,21.84,18.83,25.98,16
2020-04-14,Peru,6.52,4.97,9.5,7
2020-04-15,Peru,7.11,5.41,10.35,8
2020-04-16,Peru,7.73,5.99,10.89,9
2020-04-17,Peru,8.43,6.71,11.32,10
2020-04-18,Peru,7.79,6.4,9.96,11
2020-04-19,Peru,6.87,5.82,8.37,12
2020-04-20,Peru,6.1,5.39,7.02,13
2020-04-21,Peru,6.21,5.53,7.07,14
2020-04-22,Peru,6.08,5.5,6.81,15
2020-04-23,Peru,6.1,5.5,6.85,16
2020-04-24,Peru,6.54,5.69,7.69,17
2020-04-25,Peru,7.22,6.55,8.04,18
2020-04-26,Peru,7.6,7.28,7.95,19
2020-04-27,Peru,8.11,7.44,8.91,20
2020-04-28,Peru,8.53,7.63,9.66,21
2020-04-29,Peru,8.84,7.93,9.99,22
2020-04-30,Peru,8.8,7.88,9.96,23
2020-05-01,Peru,8.54,7.5,9.92,24
2020-04-09,Philippines,8.65,6.38,13.43,7
2020-04-10,Philippines,10.65,9.49,12.14,8
2020-04-11,Philippines,11.29,9.57,13.77,9
2020-04-12,Philippines,9.55,7.45,13.31,10
2020-04-13,Philippines,7.54,5.53,11.81,11
2020-04-14,Philippines,6.68,5.13,9.59,12
2020-04-15,Philippines,6.28,5.06,8.29,13
2020-04-16,Philippines,6.76,5.17,9.76,14
2020-04-17,Philippines,7.62,5.39,13.02,15
2020-04-18,Philippines,10.52,7.83,16.02,16
2020-04-19,Philippines,14.27,12.85,16.05,17
2020-04-20,Philippines,15.83,13.95,18.29,18
2020-04-21,Philippines,16.96,15.16,19.24,19
2020-04-22,Philippines,18.23,15.78,21.57,20
2020-04-23,Philippines,20.55,17.17,25.61,21
2020-04-24,Philippines,23.37,21.08,26.23,22
2020-04-25,Philippines,23.23,20.95,26.05,23
2020-04-26,Philippines,23.14,20.84,26,24
2020-04-27,Philippines,24.73,22.12,28.04,25
2020-04-28,Philippines,25.24,22.16,29.32,26
2020-04-29,Philippines,25.26,22.17,29.34,27
2020-04-30,Philippines,23.93,20.13,29.5,28
2020-05-01,Philippines,23.56,19.85,28.98,29
2020-04-13,Poland,5.7,4.64,7.37,7
2020-04-14,Poland,6.79,5.64,8.52,8
2020-04-15,Poland,7.95,6.97,9.25,9
2020-04-16,Poland,8.08,7.04,9.48,10
2020-04-17,Poland,8.04,7.01,9.41,11
2020-04-18,Poland,8.97,8.28,9.79,12
2020-04-19,Poland,9.74,8.79,10.92,13
2020-04-20,Poland,10.45,8.89,12.67,14
2020-04-21,Poland,11.66,9.73,14.55,15
2020-04-22,Poland,13.15,11.4,15.52,16
2020-04-23,Poland,14.03,13.04,15.18,17
2020-04-24,Poland,13.32,12.1,14.81,18
2020-04-25,Poland,11.85,10.54,13.54,19
2020-04-26,Poland,10.93,10.11,11.9,20
2020-04-27,Poland,11.35,10.06,13.02,21
2020-04-28,Poland,12.04,10.32,14.46,22
2020-04-29,Poland,12.82,10.95,15.46,23
2020-04-30,Poland,13.87,12.03,16.37,24
2020-05-01,Poland,15.49,14,17.34,25
2020-04-04,Portugal,4.71,4.45,5.01,7
2020-04-05,Portugal,5.1,4.71,5.56,8
2020-04-06,Portugal,5.5,5,6.12,9
2020-04-07,Portugal,6.17,5.29,7.39,10
2020-04-08,Portugal,6.9,5.97,8.16,11
2020-04-09,Portugal,7.39,6.49,8.58,12
2020-04-10,Portugal,8.1,7.6,8.68,13
2020-04-11,Portugal,8.33,7.68,9.11,14
2020-04-12,Portugal,8.67,7.95,9.54,15
2020-04-13,Portugal,8.81,8.01,9.8,16
2020-04-14,Portugal,9.61,8.97,10.34,17
2020-04-15,Portugal,10.3,9.83,10.81,18
2020-04-16,Portugal,10.76,10.11,11.49,19
2020-04-17,Portugal,11.36,10.45,12.44,20
2020-04-18,Portugal,12.43,11.49,13.55,21
2020-04-19,Portugal,13.44,12.51,14.52,22
2020-04-20,Portugal,14.46,13.39,15.71,23
2020-04-21,Portugal,15.93,14.49,17.69,24
2020-04-22,Portugal,17.38,15.91,19.15,25
2020-04-23,Portugal,18.87,17.31,20.73,26
2020-04-24,Portugal,19.47,18.25,20.88,27
2020-04-25,Portugal,19.5,18.29,20.88,28
2020-04-26,Portugal,19.4,18.21,20.74,29
2020-04-27,Portugal,19.61,18.21,21.25,30
2020-04-28,Portugal,20.6,18.63,23.05,31
2020-04-29,Portugal,22.33,19.48,26.15,32
2020-04-30,Portugal,25.04,22.59,28.08,33
2020-05-01,Portugal,28.13,25.99,30.66,34
2020-04-10,Romania,7.4,6,9.63,7
2020-04-11,Romania,6.56,5.64,7.83,8
2020-04-12,Romania,6.16,5.62,6.81,9
2020-04-13,Romania,6.29,5.64,7.11,10
2020-04-14,Romania,7.34,6.34,8.72,11
2020-04-15,Romania,8.34,7.25,9.83,12
2020-04-16,Romania,8.99,7.86,10.49,13
2020-04-17,Romania,10.22,9.17,11.55,14
2020-04-18,Romania,11.59,10.13,13.53,15
2020-04-19,Romania,12.89,10.97,15.63,16
2020-04-20,Romania,13.96,11.54,17.65,17
2020-04-21,Romania,16.24,14.16,19.03,18
2020-04-22,Romania,16.57,14.81,18.82,19
2020-04-23,Romania,15.26,13.54,17.49,20
2020-04-24,Romania,14.6,13.33,16.15,21
2020-04-25,Romania,14.39,13.24,15.75,22
2020-04-26,Romania,14.53,13.29,16.04,23
2020-04-27,Romania,14.62,13.37,16.12,24
2020-04-28,Romania,15.55,14.82,16.34,25
2020-04-29,Romania,16.22,15.06,17.58,26
2020-04-30,Romania,16.7,15.24,18.46,27
2020-05-01,Romania,16.56,15.04,18.41,28
2020-04-18,Russia,4.53,4.29,4.8,7
2020-04-19,Russia,4.65,4.48,4.84,8
2020-04-20,Russia,4.6,4.48,4.73,9
2020-04-21,Russia,4.73,4.48,5.01,10
2020-04-22,Russia,4.98,4.64,5.38,11
2020-04-23,Russia,5.3,4.95,5.7,12
2020-04-24,Russia,5.79,5.34,6.33,13
2020-04-25,Russia,6.21,5.72,6.81,14
2020-04-26,Russia,6.61,6.22,7.06,15
2020-04-27,Russia,6.88,6.51,7.29,16
2020-04-28,Russia,7.4,6.89,7.99,17
2020-04-29,Russia,7.8,7.27,8.41,18
2020-04-30,Russia,7.69,7.15,8.33,19
2020-05-01,Russia,7.67,7.11,8.33,20
2020-04-27,Saudi Arabia,13.39,12.24,14.77,7
2020-04-28,Saudi Arabia,14.39,12.66,16.67,8
2020-04-29,Saudi Arabia,14.91,13.07,17.35,9
2020-04-30,Saudi Arabia,16.2,14.31,18.67,10
2020-05-01,Saudi Arabia,17.54,15.48,20.22,11
2020-04-23,Serbia,17.47,13.55,24.55,7
2020-04-24,Serbia,19.45,15.63,25.75,8
2020-04-25,Serbia,20.36,16.57,26.4,9
2020-04-26,Serbia,18.86,15.4,24.33,10
2020-04-27,Serbia,17.41,14.96,20.83,11
2020-04-28,Serbia,16.66,14.87,18.96,12
2020-04-29,Serbia,18.23,17.52,19,13
2020-04-30,Serbia,18.75,17.66,19.98,14
2020-05-01,Serbia,19.43,18.2,20.84,15
2020-03-26,South Korea,14.31,11.93,17.88,7
2020-03-27,South Korea,13.21,11.55,15.42,8
2020-03-28,South Korea,13.13,11.54,15.23,9
2020-03-29,South Korea,14.35,13.49,15.33,10
2020-03-30,South Korea,14.99,14.22,15.84,11
2020-03-31,South Korea,15.69,14.46,17.16,12
2020-04-01,South Korea,18.19,14.66,23.95,13
2020-04-02,South Korea,21.47,17.16,28.66,14
2020-04-03,South Korea,23.93,19.13,31.96,15
2020-04-04,South Korea,28.3,23.89,34.7,16
2020-04-05,South Korea,28.93,24.67,34.98,17
2020-04-06,South Korea,28.81,24.6,34.76,18
2020-04-07,South Korea,26.46,24.01,29.48,19
2020-04-08,South Korea,25.82,22.88,29.62,20
2020-04-09,South Korea,25.22,22.46,28.76,21
2020-04-10,South Korea,25.07,22.44,28.41,22
2020-04-11,South Korea,29.04,23.11,39.06,23
2020-04-12,South Korea,31.3,24.32,43.92,24
2020-04-13,South Korea,37.18,29.27,50.95,25
2020-04-14,South Korea,41.73,35.45,50.71,26
2020-04-15,South Korea,41.6,35.35,50.53,27
2020-04-16,South Korea,40.23,34.55,48.16,28
2020-04-17,South Korea,41,34.45,50.64,29
2020-04-18,South Korea,49.8,41.03,63.34,30
2020-04-19,South Korea,57.7,45.74,78.13,31
2020-04-20,South Korea,70.6,59.12,87.6,32
2020-04-21,South Korea,83.18,69.7,103.1,33
2020-04-22,South Korea,100.72,87.96,117.8,34
2020-04-23,South Korea,101.36,88.34,118.86,35
2020-04-24,South Korea,120.71,98.79,155.15,36
2020-04-25,South Korea,158.89,117.33,246.03,37
2020-04-26,South Korea,178.31,135.2,261.79,38
2020-04-27,South Korea,179.14,135.83,263.01,39
2020-04-28,South Korea,179.98,136.46,264.23,40
2020-04-29,South Korea,162.33,120.19,249.97,41
2020-04-30,South Korea,134.91,114.16,164.86,42
2020-05-01,South Korea,128.07,114.04,146.04,43
2020-03-20,Spain,2.15,1.75,2.78,7
2020-03-21,Spain,2.25,1.81,3,8
2020-03-22,Spain,2.63,2.32,3.03,9
2020-03-23,Spain,2.54,2.29,2.85,10
2020-03-24,Spain,2.72,2.6,2.86,11
2020-03-25,Spain,2.71,2.6,2.84,12
2020-03-26,Spain,2.78,2.64,2.94,13
2020-03-27,Spain,2.95,2.76,3.18,14
2020-03-28,Spain,3.19,2.96,3.47,15
2020-03-29,Spain,3.46,3.18,3.81,16
2020-03-30,Spain,3.78,3.42,4.23,17
2020-03-31,Spain,4.2,3.74,4.79,18
2020-04-01,Spain,4.77,4.31,5.33,19
2020-04-02,Spain,5.27,4.72,5.97,20
2020-04-03,Spain,5.84,5.31,6.5,21
2020-04-04,Spain,6.42,5.96,6.96,22
2020-04-05,Spain,7.03,6.51,7.66,23
2020-04-06,Spain,7.8,6.98,8.85,24
2020-04-07,Spain,8.86,7.67,10.48,25
2020-04-08,Spain,10.09,8.7,12.01,26
2020-04-09,Spain,11.44,10.22,12.99,27
2020-04-10,Spain,12.68,11.91,13.57,28
2020-04-11,Spain,13.7,12.94,14.56,29
2020-04-12,Spain,14.79,13.42,16.47,30
2020-04-13,Spain,16.02,14.3,18.2,31
2020-04-14,Spain,17.82,16.02,20.07,32
2020-04-15,Spain,18.89,17.78,20.16,33
2020-04-16,Spain,19.45,18.67,20.3,34
2020-04-17,Spain,19.75,18.88,20.72,35
2020-04-18,Spain,20.15,18.95,21.52,36
2020-04-19,Spain,21.66,19.5,24.36,37
2020-04-20,Spain,23.91,20.63,28.42,38
2020-04-21,Spain,27.61,24.38,31.82,39
2020-04-22,Spain,30.58,27.57,34.34,40
2020-04-23,Spain,33.08,31.07,35.36,41
2020-04-24,Spain,35.24,34.24,36.29,42
2020-04-25,Spain,36.36,34.69,38.19,43
2020-04-26,Spain,38.66,35.52,42.41,44
2020-04-27,Spain,46,37.27,60.08,45
2020-04-28,Spain,48.79,40.23,61.96,46
2020-04-29,Spain,48.71,40.14,61.93,47
2020-05-01,Spain,48.42,39.91,61.52,48
2020-04-04,Sweden,3.28,2.91,3.74,7
2020-04-05,Sweden,3.37,2.91,4,8
2020-04-06,Sweden,4.03,3.3,5.16,9
2020-04-07,Sweden,4.58,3.78,5.8,10
2020-04-08,Sweden,4.91,4.31,5.7,11
2020-04-09,Sweden,4.77,4.16,5.61,12
2020-04-10,Sweden,4.61,4.03,5.38,13
2020-04-11,Sweden,4.55,4.03,5.22,14
2020-04-12,Sweden,5.01,4.01,6.67,15
2020-04-13,Sweden,6.58,4.7,10.95,16
2020-04-14,Sweden,9.83,6.56,19.61,17
2020-04-15,Sweden,12.51,8.75,21.92,18
2020-04-16,Sweden,11.91,8.12,22.32,19
2020-04-17,Sweden,9.57,6.59,17.45,20
2020-04-18,Sweden,8,6.2,11.28,21
2020-04-19,Sweden,7.31,6.15,9.01,22
2020-04-20,Sweden,7.89,6.18,10.88,23
2020-04-21,Sweden,10.25,7.52,16.09,24
2020-04-22,Sweden,12.24,9.88,16.1,25
2020-04-23,Sweden,11.91,9.46,16.09,26
2020-04-24,Sweden,11.19,9.02,14.74,27
2020-04-25,Sweden,10.73,8.77,13.83,28
2020-04-26,Sweden,10.71,8.77,13.75,29
2020-04-27,Sweden,12.74,9.16,20.89,30
2020-04-28,Sweden,17.8,12.79,29.24,31
2020-04-29,Sweden,23.07,17.91,32.39,32
2020-04-30,Sweden,23.99,18.91,32.79,33
2020-05-01,Sweden,22.72,17.48,32.45,34
2020-04-01,Switzerland,3.64,2.85,5.02,7
2020-04-02,Switzerland,4.77,4.07,5.77,8
2020-04-03,Switzerland,5.28,4.49,6.39,9
2020-04-04,Switzerland,5.62,4.75,6.87,10
2020-04-05,Switzerland,5.77,4.84,7.13,11
2020-04-06,Switzerland,6.68,5.43,8.68,12
2020-04-07,Switzerland,8.26,6.71,10.73,13
2020-04-08,Switzerland,8.32,6.74,10.9,14
2020-04-09,Switzerland,9.2,7.8,11.21,15
2020-04-10,Switzerland,9.67,8.38,11.41,16
2020-04-11,Switzerland,9.75,8.46,11.52,17
2020-04-12,Switzerland,9.72,8.46,11.42,18
2020-04-13,Switzerland,10.75,8.69,14.08,19
2020-04-14,Switzerland,14.25,10.51,22.13,20
2020-04-15,Switzerland,18.49,14.05,27.04,21
2020-04-16,Switzerland,19.18,14.89,26.91,22
2020-04-17,Switzerland,18.28,14.03,26.24,23
2020-04-18,Switzerland,16.33,13,21.97,24
2020-04-19,Switzerland,14.78,12.42,18.26,25
2020-04-20,Switzerland,14.48,12.46,17.3,26
2020-04-21,Switzerland,17.54,13.66,24.49,27
2020-04-22,Switzerland,21.68,17.67,28.04,28
2020-04-23,Switzerland,24.41,20.11,31.05,29
2020-04-24,Switzerland,25.27,21.21,31.25,30
2020-04-25,Switzerland,24.95,20.84,31.09,31
2020-04-26,Switzerland,23.87,20.63,28.32,32
2020-04-27,Switzerland,25.13,20.46,32.55,33
2020-04-28,Switzerland,30.89,23.48,45.13,34
2020-04-29,Switzerland,36.73,27.36,55.85,35
2020-04-30,Switzerland,44.31,36.5,56.35,36
2020-05-01,Switzerland,48.77,41.98,58.18,37
2020-04-04,Turkey,2.94,2.79,3.1,7
2020-04-05,Turkey,3.04,2.79,3.34,8
2020-04-06,Turkey,3.34,2.94,3.86,9
2020-04-07,Turkey,3.79,3.24,4.55,10
2020-04-08,Turkey,4.42,3.81,5.27,11
2020-04-09,Turkey,5.11,4.6,5.74,12
2020-04-10,Turkey,5.58,5.16,6.09,13
2020-04-11,Turkey,6,5.73,6.3,14
2020-04-12,Turkey,6.35,6.06,6.67,15
2020-04-13,Turkey,6.72,6.32,7.17,16
2020-04-14,Turkey,7.15,6.61,7.79,17
2020-04-15,Turkey,7.68,7.12,8.34,18
2020-04-16,Turkey,8.19,7.76,8.67,19
2020-04-17,Turkey,8.54,8.32,8.78,20
2020-04-18,Turkey,8.77,8.63,8.92,21
2020-04-19,Turkey,9.04,8.76,9.33,22
2020-04-20,Turkey,9.35,8.92,9.82,23
2020-04-21,Turkey,9.83,9.25,10.48,24
2020-04-22,Turkey,10.48,9.77,11.29,25
2020-04-23,Turkey,11.28,10.52,12.17,26
2020-04-24,Turkey,12.15,11.31,13.12,27
2020-04-25,Turkey,13.08,12.11,14.22,28
2020-04-26,Turkey,14.18,13.16,15.37,29
2020-04-27,Turkey,15.37,14.23,16.71,30
2020-04-28,Turkey,16.67,15.37,18.21,31
2020-04-29,Turkey,18.11,16.7,19.78,32
2020-04-30,Turkey,19.65,18.22,21.32,33
2020-05-01,Turkey,21.04,19.75,22.5,34
2020-04-22,Ukraine,10.49,10.08,10.94,7
2020-04-23,Ukraine,10.33,9.83,10.89,8
2020-04-24,Ukraine,10.64,9.78,11.67,9
2020-04-25,Ukraine,11.39,9.95,13.32,10
2020-04-26,Ukraine,12.75,10.75,15.65,11
2020-04-27,Ukraine,14.11,12.01,17.1,12
2020-04-28,Ukraine,17.51,14.5,22.1,13
2020-04-29,Ukraine,17.83,14.95,22.09,14
2020-04-30,Ukraine,16.53,13.87,20.46,15
2020-05-01,Ukraine,17.72,14.24,23.43,16
2020-03-25,United Kingdom,2.99,2.68,3.4,7
2020-03-26,United Kingdom,2.89,2.52,3.38,8
2020-03-27,United Kingdom,2.72,2.4,3.13,9
2020-03-28,United Kingdom,2.58,2.32,2.91,10
2020-03-29,United Kingdom,2.49,2.33,2.68,11
2020-03-30,United Kingdom,2.68,2.37,3.1,12
2020-03-31,United Kingdom,3.02,2.68,3.45,13
2020-04-01,United Kingdom,3.34,3,3.78,14
2020-04-02,United Kingdom,3.47,3.16,3.84,15
2020-04-03,United Kingdom,3.6,3.37,3.85,16
2020-04-04,United Kingdom,3.6,3.37,3.85,17
2020-04-05,United Kingdom,3.58,3.38,3.81,18
2020-04-06,United Kingdom,3.83,3.45,4.31,19
2020-04-07,United Kingdom,4.28,3.65,5.16,20
2020-04-08,United Kingdom,4.85,4.29,5.58,21
2020-04-09,United Kingdom,5.25,4.8,5.79,22
2020-04-10,United Kingdom,5.51,5.2,5.86,23
2020-04-11,United Kingdom,5.65,5.36,5.97,24
2020-04-12,United Kingdom,5.84,5.36,6.41,25
2020-04-13,United Kingdom,6.35,5.45,7.61,26
2020-04-14,United Kingdom,7.49,6.26,9.31,27
2020-04-15,United Kingdom,8.62,7.33,10.46,28
2020-04-16,United Kingdom,9.84,8.77,11.21,29
2020-04-17,United Kingdom,10.67,10.27,11.1,30
2020-04-18,United Kingdom,10.89,10.48,11.34,31
2020-04-19,United Kingdom,10.86,10.46,11.28,32
2020-04-20,United Kingdom,11.65,10.49,13.1,33
2020-04-21,United Kingdom,13.3,11.43,15.9,34
2020-04-22,United Kingdom,14.26,12.31,16.95,35
2020-04-23,United Kingdom,15.48,13.72,17.77,36
2020-04-24,United Kingdom,16.59,14.89,18.72,37
2020-04-25,United Kingdom,17.06,15.48,19.02,38
2020-04-26,United Kingdom,16.6,15.4,18.01,39
2020-04-27,United Kingdom,17.8,15.56,20.78,40
2020-04-28,United Kingdom,21.33,17.92,26.35,41
2020-04-29,United Kingdom,23.37,19.66,28.8,42
2020-04-30,United Kingdom,24.82,21.19,29.95,43
2020-05-01,United Kingdom,26.53,23.5,30.47,44
2020-03-24,United States,2.37,2.01,2.89,7
2020-03-25,United States,2.32,1.98,2.81,8
2020-03-26,United States,2.25,1.96,2.62,9
2020-03-27,United States,2.55,2.42,2.7,10
2020-03-28,United States,2.61,2.47,2.76,11
2020-03-29,United States,2.69,2.58,2.81,12
2020-03-30,United States,2.84,2.59,3.14,13
2020-03-31,United States,3.04,2.8,3.32,14
2020-04-01,United States,3.11,2.89,3.36,15
2020-04-02,United States,3.11,2.89,3.36,16
2020-04-03,United States,3.24,3.02,3.5,17
2020-04-04,United States,3.35,3.07,3.68,18
2020-04-05,United States,3.41,3.09,3.82,19
2020-04-06,United States,3.78,3.36,4.31,20
2020-04-07,United States,4.24,3.84,4.74,21
2020-04-08,United States,4.56,4.31,4.85,22
2020-04-09,United States,4.71,4.48,4.97,23
2020-04-10,United States,4.92,4.7,5.17,24
2020-04-11,United States,5.14,4.91,5.41,25
2020-04-12,United States,5.38,4.95,5.89,26
2020-04-13,United States,5.93,5.21,6.89,27
2020-04-14,United States,6.86,5.94,8.1,28
2020-04-15,United States,7.6,6.76,8.68,29
2020-04-16,United States,7.33,6.29,8.76,30
2020-04-17,United States,7.2,6.17,8.62,31
2020-04-18,United States,6.81,5.93,8,32
2020-04-19,United States,6.84,5.94,8.06,33
2020-04-20,United States,7.44,6.05,9.66,34
2020-04-21,United States,8.94,6.91,12.66,35
2020-04-22,United States,11.36,9.6,13.92,36
2020-04-23,United States,12.92,10.93,15.8,37
2020-04-24,United States,14.19,13.35,15.15,38
2020-04-25,United States,14.72,13.44,16.26,39
2020-04-26,United States,15.27,13.7,17.26,40
2020-04-27,United States,16.42,14.37,19.14,41
2020-04-28,United States,18.54,16.02,22.02,42
2020-04-29,United States,19.95,17.28,23.59,43
2020-04-30,United States,21.06,19.25,23.23,44
2020-05-01,United States,20.06,18.64,21.71,45
2020-02-03,World,3.36,3.08,3.69,7
2020-02-04,World,3.6,3.27,4,8
2020-02-05,World,3.94,3.66,4.28,9
2020-02-06,World,4.27,4.02,4.54,10
2020-02-07,World,4.57,4.28,4.91,11
2020-02-08,World,4.84,4.5,5.25,12
2020-02-09,World,5.19,4.86,5.56,13
2020-02-10,World,5.52,5.27,5.79,14
2020-02-11,World,5.76,5.55,5.98,15
2020-02-12,World,6.06,5.77,6.38,16
2020-02-13,World,5.74,5.16,6.47,17
2020-02-14,World,6.09,5.27,7.2,18
2020-02-15,World,6.42,5.44,7.82,19
2020-02-16,World,6.82,5.69,8.52,20
2020-02-17,World,7.51,6.11,9.75,21
2020-02-18,World,8.58,6.83,11.54,22
2020-02-19,World,10.16,8.84,11.94,23
2020-02-20,World,9.9,8.82,11.3,24
2020-02-21,World,10.96,10.15,11.92,25
2020-02-22,World,11.85,11.26,12.52,26
2020-02-23,World,12.48,11.54,13.6,27
2020-02-24,World,12.82,11.9,13.9,28
2020-02-25,World,13.99,13.03,15.11,29
2020-02-26,World,15.49,13.63,17.94,30
2020-02-27,World,18.2,14.8,23.6,31
2020-02-28,World,21.95,16.98,31.01,32
2020-02-29,World,26.85,20.77,37.99,33
2020-03-01,World,33.52,30.56,37.11,34
2020-03-02,World,34.81,32.86,37.01,35
2020-03-03,World,33.82,31.57,36.4,36
2020-03-04,World,31.34,29.8,33.05,37
2020-03-05,World,30.07,28.52,31.81,38
2020-03-06,World,28.33,26.41,30.56,39
2020-03-07,World,26.41,24.75,28.31,40
2020-03-08,World,25.26,24.06,26.59,41
2020-03-09,World,21.79,18.58,26.35,42
2020-03-10,World,18.65,15.51,23.37,43
2020-03-11,World,15.66,13.05,19.57,44
2020-03-12,World,13.26,11.23,16.2,45
2020-03-13,World,11.51,10.19,13.21,46
2020-03-14,World,10.21,9.43,11.13,47
2020-03-15,World,9.8,9.2,10.49,48
2020-03-16,World,8.84,8.04,9.82,49
2020-03-17,World,8.25,7.53,9.13,50
2020-03-18,World,7.71,7.05,8.5,51
2020-03-19,World,7.18,6.62,7.83,52
2020-03-20,World,6.77,6.33,7.28,53
2020-03-21,World,6.33,6.03,6.68,54
2020-03-22,World,6.05,5.61,6.57,55
2020-03-23,World,5.73,5.44,6.05,56
2020-03-24,World,5.62,5.41,5.84,57
2020-03-25,World,5.54,5.38,5.71,58
2020-03-26,World,5.5,5.35,5.65,59
2020-03-27,World,5.55,5.42,5.69,60
2020-03-28,World,5.56,5.43,5.69,61
2020-03-29,World,5.51,5.41,5.6,62
2020-03-30,World,5.62,5.38,5.88,63
2020-03-31,World,5.84,5.52,6.19,64
2020-04-01,World,6.03,5.73,6.36,65
2020-04-02,World,6.19,5.93,6.48,66
2020-04-03,World,6.41,6.25,6.57,67
2020-04-04,World,6.4,6.24,6.57,68
2020-04-05,World,6.37,6.24,6.52,69
2020-04-06,World,6.68,6.25,7.17,70
2020-04-07,World,7.19,6.52,8.02,71
2020-04-08,World,7.59,6.9,8.41,72
2020-04-09,World,8.04,7.36,8.85,73
2020-04-10,World,8.52,8.15,8.94,74
2020-04-11,World,8.74,8.38,9.14,75
2020-04-12,World,8.97,8.37,9.67,76
2020-04-13,World,9.7,8.64,11.05,77
2020-04-14,World,10.99,9.7,12.66,78
2020-04-15,World,11.9,10.64,13.49,79
2020-04-16,World,12.17,11.12,13.44,80
2020-04-17,World,11.97,10.85,13.36,81
2020-04-18,World,11.53,10.57,12.7,82
2020-04-19,World,11.51,10.57,12.64,83
2020-04-20,World,12.3,10.63,14.58,84
2020-04-21,World,14.15,11.73,17.82,85
2020-04-22,World,16.53,14.3,19.59,86
2020-04-23,World,18.46,16.71,20.62,87
2020-04-24,World,19.5,18.68,20.4,88
2020-04-25,World,19.91,18.96,20.96,89
2020-04-26,World,20.09,18.99,21.33,90
2020-04-27,World,21.51,19.31,24.28,91
2020-04-28,World,23.94,21.27,27.38,92
2020-04-29,World,25.54,23.04,28.64,93
2020-04-30,World,26.76,25.15,28.58,94
2020-05-01,World,26.91,25.32,28.71,95
